タイトル名,評価,視聴数,制作会社,声優,主題歌・挿入歌,あらすじ
ダンダダン（2024年製作のアニメ）,4.2,3792,サイエンス SARU,"['若山詩音', '花江夏樹', '水樹奈々', '佐倉綾音', '石川界人', '田中真弓', '中井和哉']","['Creepy Nuts', 'ずっと真夜中でいいのに。']",圧倒的怪奇との遭遇！オカルティックバトル＆青春物語、開幕！！
チ。 ―地球の運動について―（2024年製作のアニメ）,4.2,2803,マッドハウス,"['坂本真綾', '津田健次郎', '速水奨', '小西克幸', '中村悠一']","['サカナクション', 'ヨルシカ']","15世紀のヨーロッパ某国。飛び級で大学への進学を認められた神童・ラファウ。
彼は周囲の期待に応え、当時最も重要とされていた神学を専攻すると宣言。
が、以前から熱心に打ち込んでいる天文への情熱は捨てられずにいた。
ある日、彼はフベルトという謎めいた学者と出会う。
異端思想に基づく禁忌に触れたため拷問を受け、投獄されていたというフベルト。
彼が研究していたのは、宇宙に関する衝撃的な「ある仮説」だった…"
【推しの子】第2期（2024年製作のアニメ）,4.0,8116,動画工房,"['大塚剛央', '伊駒ゆりえ', '潘めぐみ', '石見舞菜香', '大久保瑠美', '内山昂輝', '前田誠二']","['中島健人', 'キタニタツヤ', '羊文学']",新たな舞台の幕が開く──
葬送のフリーレン（2023年製作のアニメ）,4.3,22860,マッドハウス,"['種﨑敦美', '市ノ瀬加那', '小林千晃', '岡本信彦', '東地宏樹']","['YOASOBI', 'milet', 'ヨルシカ']",勇者ヒンメルたちと共に、10年に及ぶ冒険の末に魔王を打ち倒し、世界に平和をもたらした魔法使いフリーレン。
アオのハコ（2024年製作のアニメ）,4.0,1273,テレコム・アニメーションフィルム,"['千葉翔也', '上田麗奈', '鬼頭明里', '小林千晃', '内田雄馬', '坂田将吾', '永瀬アンナ']","['Official髭男dism', 'Eve']",毎朝一番に会いたい人がいる――
来世は他人がいい（2024年製作のアニメ）,3.6,893,スタジオディーン,"['上田瞳', '石田彰', '遊佐浩二', '上田燿司', '中井和哉', '竹内良太', '下崎紘史']","['THE ORAL CIGARETTES', '吉乃']",はみ出しものたちが織りなす極道エンタメ
怪獣8号（2024年製作のアニメ）,4.0,11077,PRODUCTION I.G,"['福西勝也', '瀬戸麻沙美', '加藤渉', 'ファイルーズあい', '河西健吾', '新祐樹', '河本啓佑']","['YUNGBLUD', 'OneRepublic']",怪獣（ヒーロー）、襲来。
薬屋のひとりごと（2023年製作のアニメ）,4.1,21185,TOHO animation STUDIO,"['悠木碧', '大塚剛央', '小西克幸', '種﨑敦美', '石川由依']","['緑黄色社会', 'Uru', 'アイナ・ジ・エンド', 'wacci', 'アオイエマ。', 'XAI']",大陸の中央に位置するとある大国。その国の帝の妃たちが住む後宮に一人の娘がいた。
呪術廻戦 第1期（2020年製作のアニメ）,4.1,53858,MAPPA,"['榎木淳弥', '内田雄馬', '瀬戸麻沙美', '小松未可子', '内山昂輝', '関智一', '木村昴']","['Eve', 'ALI', 'AKLO', 'Cö shu Nie', 'Who-ya Extended']",少年は戦う――「正しい死」を求めて
呪術廻戦 第1期（2020年製作のアニメ）,4.1,53858,MAPPA,"['ヘイリー・スタインフェルド', 'ケイティ・ルング', 'ケヴィン・アレハンドロ', 'エラ・パーネル', 'リード・シャノン', 'アミラー・ヴァン', 'ミック・ウィンガート']","['クリスチャン・リンク', 'アレックス・イー']",少年は戦う――「正しい死」を求めて
逃げ上手の若君（2024年製作のアニメ）,4.0,5296,CloverWorks,"['結川あさき', '矢野妃菜喜', '日野まり', '鈴代紗弓', '悠木碧', '戸谷菊之介', '中村悠一']","['DISH//', 'ぼっちぼろまる']",勝つまで逃げよ
ヴァイオレット・エヴァーガーデン（2018年製作のアニメ）,4.4,33933,京都アニメーション,"['石川由依', '子安武人', '浪川大輔', '遠藤綾', '内山昂輝', '茅原実里', '戸松遥']","['唐沢美帆（TRUE）', '茅原実里']","感情を持たない一人の少女がいた。
彼女の名は、ヴァイオレット・エヴァーガーデン。
戦火の中で、大切な人から告げられた言葉の意味を探している。
戦争が終わり、彼女が出会った仕事は誰かの想いを言葉にして届けること。
――戦争で生き延びた、たった一人の兄弟への手紙
――都会で働き始めた娘から故郷の両親への手紙
――飾らないありのままの恋心をつづった手紙
――去りゆく者から残される者への最期の手紙
手紙…"
HUNTER×HUNTER（2011年製作のアニメ）,4.5,13876,マッドハウス,"['潘めぐみ', '伊瀬茉莉也', '藤原啓治', '沢城みゆき', '浪川大輔', '山寺宏一', '内山昂輝']","['小野正利', 'Fear, and Loathing in Las Vegas', 'ゆず']",くじら島で暮らす少年・ゴンの夢は、幼い頃に別れた父と同じ「ハンター」になること。 世界中に散らばる、財宝、秘宝、珍品、珍獣……「未知」への挑戦に命を賭けるプロハンターになる決意を胸に旅立つゴンは、同じハンター試験合格を目指す受験者のクラピカ、レオリオ、キルアと出会う。超難関で知られるハンター試験を見事突破し、「世界一のハンター」になれるのか!?　ゴンの奇想天外、壮大苛烈な冒険の旅が、今始まる!!
進撃の巨人 Season1（2013年製作のアニメ）,4.4,38199,WIT STUDIO,"['梶裕貴', '石川由依', '井上麻里奈', '小林ゆう', '三上枝織']","['Linked Horizon', '日笠陽子', 'cinema staff']","巨人がすべてを支配する世界。
巨人の餌と化した人類は高さ50メートルの巨大な壁を築き、壁外への自由と引き換えに侵略を防いでいた･･･。
まだ見ぬ壁外の世界を夢見る10歳の少年、エレン･イェーガー。
エレンは仮初めの平和に満足し外の世界へ出ることを諦めた人々に違和感を覚える。
彼らを「家畜」と呼ぶエレン。
エレンを「異物」と感じる人々。
だが、壁をも越える超大型巨人の出現により、エレンの「夢」も人…"
サマータイムレンダ（2022年製作のアニメ）,4.2,28123,OLM,"['花江夏樹', '永瀬アンナ', '白砂沙帆', '日笠陽子', '浦山迅']","['マカロニえんぴつ', 'cadode', '亜咲花', 'りりあ。']","「潮が死んだ―――。」
幼馴染・小舟潮の訃報を聞いた網代慎平は、
2 年ぶりに故郷である和歌山市・日都ヶ島に帰ってきた。
家族や友人との再会。滞りなく行われていく葬儀。
しかし、親友・菱形窓は「潮の死には不審な点があり、他殺の可能性がある」と慎平に告げる。
翌日、近隣の一家が突如として全員消えてしまう事件が発生。
時を同じくして、慎平はある不吉な噂を耳にする。
「自分にそっくりな“影”を見た者は…"
チェンソーマン（2022年製作のアニメ）,4.1,35360,MAPPA,"['戸谷菊之介', '井澤詩織', '楠木ともり', '坂田将吾', 'ファイルーズあい', '伊瀬茉莉也', '高橋花林']","['米津玄師', 'マキシマム ザ ホルモン', 'あの', 'Eve', 'Aimer', 'Kanaria', 'syudou', '女王蜂', 'ずっと真夜中でいいのに。', 'TK from 凛として時雨', 'TOOBOE', 'Vaundy', 'PEOPLE 1']",少年デンジは『チェンソーの悪魔』ポチタと契約し、悪魔の心臓を持つ『チェンソーマン』として蘇る──
僕のヒーローアカデミア 第7期（2024年製作のアニメ）,4.4,5282,ボンズ,"['山下大輝', '岡本信彦', '佐倉綾音', '石川界人', '梶裕貴', '内山昂輝', '下野紘']","['TK from 凛として時雨', '優里', 'Omoinotake', 'ざらめ']",決戦の時が、来た。
らんま 1/2（2024年製作のアニメ）,4.1,952,MAPPA,"['山口勝平', '林原めぐみ', '日髙のり子', '高山みなみ', '井上喜久子', '大塚明夫', 'チョー']","['あの', 'りりあ。']","早乙女乱馬と、天道道場三女の天道あかねは親が決めた許婚同士。
しかし乱馬にはある悩みが…。
中国での修行中、伝説の修行場「呪泉郷」に落ちてしまい、
水をかぶると女に、お湯をかぶると男に戻るという、不思議な体質になってしまっていた！？
乱馬とあかね、そして個性豊かなキャラクターたちが繰り広げるドタバタ格闘ラブコメディー、ここに開幕！"
【推しの子】（2023年製作のアニメ）,4.1,30293,動画工房,"['高橋李依', '大塚剛央', '伊駒ゆりえ', '潘めぐみ', '石見舞菜香']","['YOASOBI', '女王蜂']","「この芸能界（せかい）において嘘は武器だ」地方都市で働く産婦人科医・ゴロー。ある日""推し""のアイドル「B 小町」のアイが彼の前に現れた。彼女はある禁断の秘密を抱えており…。そんな二人の""最悪""の出会いから、運命が動き出していく―。"
鬼滅の刃 柱稽古編（2024年製作のアニメ）,4.1,11059,ufotable,"['花江夏樹', '鬼頭明里', '下野紘', '松岡禎丞', '櫻井孝宏', '小西克幸', '河西健吾']","['MY FIRST STORY', 'HYDE']",想いを繋ぎ、受け継ぐ者――
鬼滅の刃 柱稽古編（2024年製作のアニメ）,4.1,11059,ufotable,"['入野自由', '茅野愛衣', '戸松遥', '櫻井孝宏', '早見沙織', '近藤孝行']","['Galileo Galilei', '茅野愛衣', '戸松遥', '早見沙織']",想いを繋ぎ、受け継ぐ者――
鬼滅の刃 柱稽古編（2024年製作のアニメ）,4.1,11059,ufotable,"['花江夏樹', '鬼頭明里', '下野紘', '松岡禎丞', '櫻井孝宏', '大塚芳忠', '梶裕貴']","['LiSA', 'FictionJunction']",想いを繋ぎ、受け継ぐ者――
リコリス・リコイル（2022年製作のアニメ）,4.1,20844,A-1 Pictures,"['安済知佳', '若山詩音', '小清水亜美', '久野美咲', 'さかき孝輔']","['さユり', 'ClariS']","平穏な日々――その裏には秘密がある
犯罪を未然に防ぐ秘密組織――「DA（Direct Attack）」。
そのエージェントである少女たち――「リコリス」。
当たり前の日常も、彼女たちのおかげ。
歴代最強のリコリスと称されるエリート・錦木千束、優秀だけどワケありリコリス・井ノ上たきなが働く喫茶「リコリコ」もその支部のひとつ。
ここが受けるオーダーは、コーヒーやスイーツの注文から、こどものお世話、買…"
僕のヒーローアカデミア 第1期（2016年製作のアニメ）,4.2,29762,ボンズ,"['山下大輝', '岡本信彦', '佐倉綾音', '石川界人', '梶裕貴', '悠木碧', '広橋涼']","['ポルノグラフィティ', 'Brian the Sun']","ことの始まりは中国・軽慶市から発信された、「発光する赤児」が生まれたというニュース。以後各地で「超常」が発見され、原因も判然としないまま時は流れる――。世界総人口の八割が何らかの特異体質である超人社会となった現在。生まれ持った超常的な力""個性""を悪用する犯罪者・敵（ヴィラン）が増加の一途をたどる中、同じく""個性""を持つ者たちが""ヒーロー""として敵や災害に立ち向かい、人々を救（たす）ける社会が確立…"
呪術廻戦 第2期 懐玉・玉折／渋谷事変（2023年製作のアニメ）,4.2,22363,MAPPA,"['中村悠一', '櫻井孝宏', '遠藤綾', '永瀬アンナ', '子安武人', '清水理沙', '安元洋貴']","['キタニタツヤ', '崎山蒼志', 'King Gnu', '羊文学']",これは、最強の2人の、もう戻れない青い春。
進撃の巨人 Season2（2017年製作のアニメ）,4.4,30196,WIT STUDIO,"['梶裕貴', '石川由依', '井上麻里奈', '小林ゆう', '三上枝織']","['Linked Horizon', '神聖かまってちゃん']","超大型巨人の出現により人類の平和と幻想が破られたあの日から、エレン・イェーガーの果てしない戦いの日々は続く……。
抵抗する術もなく巨人の餌となった母の最期を目の当たりにして、この世から巨人を一匹残らず駆逐することを誓ったエレン。
しかし、過酷な戦いの中で彼自身が巨人の姿に変貌してしまう――。
人類の自由を勝ち取るために巨人の力を振るうエレンは、ウォール・シーナのストヘス区において「女型の巨人」と…"
忘却バッテリー（2024年製作のアニメ）,4.1,6776,MAPPA,"['増田俊樹', '宮野真守', '阿座上洋平', '島﨑信長', '梶裕貴', '山谷祥生', '大塚剛央']","['Mrs. GREEN APPLE', 'マカロニえんぴつ']",巡り合い、再び動き出す 彼らの高校野球ストーリーが いま始まる―！
ブルーロック VS. U-20 JAPAN（2024年製作のアニメ）,4.0,1758,エイトビット,"['浦和希', '内山昂輝', '江口拓也', '古川慎', '花江夏樹']","['UNISON SQUARE GARDEN', 'Snow Man']","日本を W 杯優勝に導く世界一のストライカーを育てるため、
日本フットボール連合は“ブルーロック（青い監獄）”プロジェクトを立ち上げる。
プロジェクトに招待されたのは 300 人の高校生。
しかも全員 FW（フォワード）。
脱落すれば将来、サッカー日本代表へ入る資格を失うという極限状態の中、
選ばれし才能の原石たちは、ストライカーとしてのエゴを次々と覚醒させていく。
時に他人を蹴落とし、時に自ら…"
進撃の巨人 Season3（2018年製作のアニメ）,4.4,28874,WIT STUDIO,"['梶裕貴', '石川由依', '井上麻里奈', '谷山紀章', '小林ゆう', '三上枝織', '下野紘']","['YOSHIKI', 'HYDE', 'Linked Horizon', 'cinema staff']",エレンら104期兵を加え、新たな体制となったリヴァイ班。行動を開始した彼らの前に、最強最悪の敵が立ち塞がる。
進撃の巨人 The Final Season 完結編（後編）（2023年製作のアニメ）,4.6,16605,MAPPA,"['梶裕貴', '石川由依', '井上麻里奈', '下野紘', '三上枝織', '谷山紀章', '嶋村侑']",['Linked Horizon'],終尾の巨人となり、無数の巨人たちとスラトア要塞に進撃するエレン。絶望の淵に立たされた避難民の前に現れたのは、地鳴らしから間一髪で逃れられたミカサ、アルミン、ジャン、コニー、ライナー、ピーク、リヴァイ。かつての仲間たち、そして幼馴染とエレンの戦いがここに終結する。
合コンに行ったら女がいなかった話（2024年製作のアニメ）,3.5,456,葦プロダクション,"['小松未可子', '武内駿輔', '悠木碧', '堀江瞬', '東山奈央', '梶原岳人']","['なすお☆', 'ASOBI同盟']",『合コンから始まる脳内バグコメディ』
オッドタクシー（2021年製作のアニメ）,4.2,42380,P.I.C.S.,"['花江夏樹', '飯田里穂', '木村良平', '山口勝平', '三森すずこ', '小泉萌香', '村上まなつ']","['スカート', 'PUNPEE']","お客さん、どちらまで?見慣れた街のはずなのに、この街は少しなにかが違う気がする。
平凡な毎日を送るタクシー運転手・小戶川。身寄りはなく、他人とあまり関わらない、少し偏屈で無口な変わり者。趣味は寝る前に聞く落語と仕事中に聞くラジオ。一応、友人と呼べるのはかかりつけでもある医者の剛力と、高校からの同級生、柿花ぐらい。彼が運ぶのは、どこかクセのある客ばかり。バズりたくてしょうがない大学生・樺沢、何かを…"
PSYCHO-PASS サイコパス（2012年製作のアニメ）,4.3,22558,PRODUCTION I.G,"['関智一', '花澤香菜', '野島健児', '有本欽隆', '石田彰', '伊藤静', '沢城みゆき']","['凛として時雨', 'EGOIST', ""Nothing's Carved In Stone""]",“正義”に抗え。
進撃の巨人 The Final Season Part 2（2022年製作のアニメ）,4.4,23018,MAPPA,"['梶裕貴', '石川由依', '井上麻里奈', '下野紘', '三上枝織', '谷山紀章', '細谷佳正']","['SiM', 'ヒグチアイ']",その巨人はいついかなる時代においても、自由を求めて進み続けた。
ハイキュー!!（2014年製作のアニメ）,4.4,29903,PRODUCTION I.G,"['村瀬歩', '石川界人', '日野聡', '入野自由', '林勇', '細谷佳正', '岡本信彦']","['SPYAIR', 'スキマスイッチ', 'NICO Touches the Walls', 'tacica']","「週刊少年ジャンプ」で絶賛連載中・次世代王道スポーツ漫画、『ハイキュー!!』が早くもTVアニメ化!制作は、あのProduction I.G! 想いをのせて仲間とボールを""繋ぐ""、それがバレーボール。少年たちの躍動感あふれる激闘を見逃すな!"
僕のヒーローアカデミア 第2期（2017年製作のアニメ）,4.3,22772,ボンズ,"['山下大輝', '岡本信彦', '佐倉綾音', '石川界人', '梶裕貴', '悠木碧', '広橋涼']","['米津玄師', 'Little Glee Monster', 'amazarashi', 'LiSA']",「架空（ゆめ）」は、現実に！」 これは、僕が最高のヒーローになるまでの物語だ。
STEINS;GATE（2011年製作のアニメ）,4.3,18712,WHITE FOX,"['宮野真守', '花澤香菜', '関智一', '今井麻美', '後藤沙緒里', '小林ゆう', '桃井はるこ']",['いとうかなこ'],舞台は2010年夏の秋葉原。厨二病から抜け出せない大学生である岡部倫太郎は、｢未来ガジェット研究所｣を立ち上げ、用途不明の発明品を日々生み出していた。だが、ある日、偶然にも過去へとメールが送れる｢タイムマシン｣を作り出す。世紀の発明と興奮を抑えきれずに、興味本位で過去への干渉を繰り返す。その結果、世界を巻き込む大きな悲劇が、岡部たちに訪れることになるのだが・・・悲劇を回避するために、岡部の孤独な…
BANANA FISH（2018年製作のアニメ）,4.3,23581,MAPPA,"['内田雄馬', '野島健児', '平田広明', '石塚運昇', '細谷佳正', '古川慎', '斉藤壮馬']","['Survive Said The Prophet', 'King Gnu', 'BLUE ENCOUNT']",あの名作コミックがついに映像化！吉田秋生40周年記念プロジェクト『BANANA FISH』
メイドインアビス（2017年製作のアニメ）,4.2,20667,キネマシトラス,"['富田美憂', '伊瀬茉莉也', '井澤詩織', '坂本真綾', '沼倉愛美', '田村睦心', '塙真奈美']","['富田美憂', '伊瀬茉莉也']",隅々まで探索されつくした世界に、唯一残された秘境の大穴『アビス』。どこまで続くとも知れない深く巨大なその縦穴には、奇妙奇怪な生物たちが生息し、今の人類では作りえない貴重な遺物が眠っている。「アビス」の不可思議に満ちた姿は人々を魅了し、冒険へと駆り立てた。そうして幾度も大穴に挑戦する冒険者たちは、次第に『探窟家』呼ばれるようになっていった。アビスの縁に築かれた街『オース』に暮らす孤児のリコは、いつ…
鬼滅の刃 遊郭編（2021年製作のアニメ）,4.2,28085,ufotable,"['花江夏樹', '鬼頭明里', '下野紘', '松岡禎丞', '小西克幸', '沢城みゆき', '逢坂良太']",['Aimer'],交ざりし悪の存意――
ハイキュー!! セカンドシーズン（2015年製作のアニメ）,4.4,22069,PRODUCTION I.G,"['村瀬歩', '石川界人', '日野聡', '入野自由', '林勇', '細谷佳正', '岡本信彦']","['SPYAIR', 'BURNOUT SYNDROMES', 'Galileo Galilei', 'tacica']",すべては、“進化”する―！！
ドラゴンボールDAIMA（2024年製作のアニメ）,3.8,518,東映アニメーション,"['野沢雅子', '小林由美子', '内山昂輝', 'ファイルーズあい', '森久保祥太郎', '榎木淳弥', '日笠陽子']","['C&K', 'AI']",ようこそ、大魔界へ！！ 新たな世界、新たなドラゴンボール
ダンジョン飯 第1期（2024年製作のアニメ）,4.1,9581,TRIGGER,"['熊谷健太郎', '千本木彩花', '泊明日菜', '中博史', '神戸光歩', '早見沙織', '三木晶']","['BUMP OF CHICKEN', '緑黄色社会', 'sumika', 'リーガルリリー']",ダンジョン飯。それは、“食う”か“食われる”か―――
僕のヒーローアカデミア 第3期（2018年製作のアニメ）,4.3,21705,ボンズ,"['山下大輝', '岡本信彦', '佐倉綾音', '石川界人', '梶裕貴', '悠木碧', '広橋涼']","['UVERworld', 'miwa', 'Lenny code fiction', '菅田将暉']",「架空（ゆめ）」は、「現実」に！ これは、僕が最高のヒーローになるまでの物語だ。
鋼の錬金術師 FULLMETAL ALCHEMIST（2009年製作のアニメ）,4.5,13787,ボンズ,"['朴璐美', '釘宮理恵', '高本めぐみ', '麻生美代子', '三木眞一郎', '折笠富美子', '内海賢二']","['YUI', 'シド']",「等価交換」の原則のもと、物質を理解、分解、再構築する最先端の科学「錬金術」。「鋼の錬金術師」の名を背負う兄、エドワード・エルリックと巨大な鎧に魂を定着された弟、アルフォンス・エルリックは失ったものを取り戻すため、「賢者の石」を探す旅に出る。そして兄弟は、大きな陰謀の渦中へと突き進んでいく…。
SPY×FAMILY Season1 第1クール（2022年製作のアニメ）,4.1,41429,WIT STUDIO,"['江口拓也', '種﨑敦美', '早見沙織', '山路和弘', '藤原夏海']","['Official髭男dism', '星野源']",秘密だらけの家族に世界の命運は託された！？
鬼滅の刃 無限列車編（2021年製作のアニメ）,4.1,26179,ufotable,"['花江夏樹', '鬼頭明里', '下野紘', '松岡禎丞', '日野聡', '平川大輔', '石田彰']",['LiSA'],その刃で、悪夢を断ち斬れ
鬼滅の刃 刀鍛冶の里編（2023年製作のアニメ）,4.1,18768,ufotable,"['花江夏樹', '鬼頭明里', '下野紘', '松岡禎丞', '河西健吾']","['MAN WITH A MISSION', 'milet']",迫る悪鬼に、刃を振るえ
魔法少女まどか☆マギカ（2011年製作のアニメ）,4.2,19561,シャフト,"['悠木碧', '斎藤千和', '水橋かおり', '喜多村英梨', '加藤英美里', '松岡禎丞']","['ClariS', 'Kalafina']",大好きな家族がいて、親友がいて、時には笑い、時には泣く、そんなどこにでもある日常。市立見滝原中学校に通う、普通の中学二年生・鹿目まどかも、そんな日常の中で暮らす一人。ある日、彼女に不思議な出会いが訪れる。この出会いは偶然なのか、必然なのか、彼女はまだ知らない。それは、彼女の運命を変えてしまうような出会い--それは、新たなる魔法少女物語の始まり--
Re:ゼロから始める異世界生活（2016年製作のアニメ）,4.0,20572,WHITE FOX,"['小林裕介', '高橋李依', '内山夕実', '水瀬いのり', '村川梨衣', '子安武人', '新井里美']","['鈴木このみ', 'MYTH & ROID']",コンビニからの帰り道、突如として異世界へと召喚されてしまった少年、菜月昴。目の前に広がるファンタジーな異世界に目を輝かせるスバルだったが、自分を召喚したであろう美少女の姿はどこにも見当たらない。やがて右も左もわからない状況にスバルは頭をかかえてしまう。さらに強制イベントと言わんばかりにチンピラに絡まれ、異世界に招かれた人間が超常の力を発揮するといったお約束の展開もなく、容赦なく叩きのめされるスバ…
僕のヒーローアカデミア 第5期（2021年製作のアニメ）,4.3,17717,ボンズ,"['山下大輝', '岡本信彦', '佐倉綾音', '石川界人', '梶裕貴', '悠木碧', '増田俊樹']","['DISH//', 'the peggies', 'MAN WITH A MISSION', '崎山蒼志']",「架空（ゆめ）」は、「現実」に！ これは、僕が最高のヒーローになるまでの物語だ。
僕のヒーローアカデミア 第4期（2019年製作のアニメ）,4.3,20881,ボンズ,"['山下大輝', '岡本信彦', '佐倉綾音', '石川界人', '梶裕貴', '悠木碧', '広橋涼']","['KANA-BOON', '緑黄色社会', 'BLUE ENCOUNT', 'さユり']",「架空（ゆめ）」は、「現実」に！ これは、僕が最高のヒーローになるまでの物語だ。
ブルーロック 第1期（2022年製作のアニメ）,4.1,18027,エイトビット,"['浦和希', '海渡翼', '小野友樹', '斉藤壮馬', '中澤まさとも', '松岡禎丞', '千葉翔也']","['UNISON SQUARE GARDEN', '仲村宗悟', 'ASH DA HERO']","世界一のエゴイストでなければ、世界一のストライカーにはなれない。日本をW杯優勝に導くストライカーを育てるため、日本フットボール連合はある計画を立ち上げる。その名も、“ブルーロック（青い監獄）”プロジェクト。集められたのは300人の高校生。しかも、全員FW（フォワード）。299人のサッカー生命を犠牲に誕生する、日本サッカーに革命を起こすストライカーとは──？
──今、史上最もアツく、最もイカれたサ…"
進撃の巨人 The Final Season 完結編（前編）（2023年製作のアニメ）,4.5,15588,MAPPA,"['梶裕貴', '石川由依', '井上麻里奈', '下野紘', '三上枝織', '谷山紀章', '嶋村侑']",['岸友洋'],「その巨人はいついかなる時代においても、自由を求めて進み続けた。自由のために戦った。名は――進撃の巨人」ついに明かされた壁の外の真実と、巨人の正体。ここに至るまで、人類はあまりにも大きすぎる犠牲を払っていた。それでもなお、彼らは進み続けなければならない。壁の外にある海を、自由の象徴を、まだその目で見ていないのだから。――やがて時は流れ、一度目の「超大型巨人」襲来から6年。調査兵団はウォール・マリ…
負けヒロインが多すぎる！（2024年製作のアニメ）,4.0,3544,A-1 Pictures,"['梅田修一朗', '遠野ひかる', '若山詩音', '寺澤百花', '田中美海', '種﨑敦美', '小林裕介']","['ぼっちぼろまる', 'もっさ', '遠野ひかる', '若山詩音', '寺澤百花']",負けて輝け、少女たち！
ぼっち・ざ・ろっく！（2022年製作のアニメ）,4.2,23686,CloverWorks,"['青山吉能', '鈴代紗弓', '水野朔', '長谷川育美']",['けろりら'],陰キャならロックをやれ！
新世紀エヴァンゲリオン（1995年製作のアニメ）,4.3,20679,GAINAX,"['緒方恵美', '三石琴乃', '山口由里子', '林原めぐみ', '宮村優子', '立木文彦', '石田彰']","['高橋洋子', 'CLAIRE']",西暦2015年。第3新東京市に、さまざまな特殊能力を持つ“使徒”が襲来した。主人公・碇シンジは、人類が“使徒”に対抗する唯一の手段である人型決戦兵器エヴァンゲリオンの操縦者に抜擢されてしまう。今、人類の命運を掛けた戦いの火蓋が切って落とされる。果たして“使徒”の正体とは？　少年たちと人類の運命は？
その着せ替え人形は恋をする（2022年製作のアニメ）,4.1,16089,CloverWorks,"['直田姫奈', '石毛翔弥', '種﨑敦美', '羊宮妃那']","['スピラ・スピカ', 'あかせあかり']",雛人形の顔を作る「頭師（かしらし）」を目指す男子高校生・五条 新菜（わかな）と、同じクラスの人気者・喜多川 海夢（まりん）はまるで別世界の住人。けれどある日、思わぬことをきっかけに、秘密を共有することになって…！？
僕のヒーローアカデミア 第6期（2022年製作のアニメ）,4.4,12092,ボンズ,"['山下大輝', '内山昂輝', '岡本信彦', '梶裕貴', '佐倉綾音', '石川界人', '諏訪部順一']","['SUPER BEAVER', '秋山黄色', 'Eve', 'SIX LOUNGE']",「架空（ゆめ）」は、「現実」に！ これは、僕が最高のヒーローになるまでの物語だ。
ハイキュー!! 烏野高校 VS 白鳥沢学園高校（2016年製作のアニメ）,4.5,20734,PRODUCTION I.G,"['村瀬歩', '石川界人', '日野聡', '入野自由', '林勇', '細谷佳正', '岡本信彦']","['BURNOUT SYNDROMES', 'NICO Touches the Walls']",勝つのは、どっちだ。
俺は全てを【パリイ】する〜逆勘違いの世界最強は冒険者になりたい〜（2024年製作のアニメ）,3.5,1407,OLM,"['濱野大輝', '前川涼子', '森なな子', '村瀬歩', '武内駿輔', '山野井仁', '寺島惇太']","['鈴木杏奈', '山﨑玲奈', '其原有沙', '花耶', '礒部花凜', '鷲見友美ジェナ', '倉知玲鳳']",これは、最底辺スキル【パリイ】を極めし者の物語。
俺は全てを【パリイ】する〜逆勘違いの世界最強は冒険者になりたい〜（2024年製作のアニメ）,3.5,1407,OLM,"['神谷浩史', '井上和彦', '小林沙苗', '石田彰', '堀江一眞', '木村良平', '菅沼久義']","['柏木ひなた', '近藤利樹']",これは、最底辺スキル【パリイ】を極めし者の物語。
ハイキュー!! TO THE TOP（2020年製作のアニメ）,4.4,19889,PRODUCTION I.G,"['村瀬歩', '石川界人', '日野聡', '入野自由', '林勇', '細谷佳正', '岡本信彦']","['BURNOUT SYNDROMES', 'CHiCO with HoneyWorks', 'SPYAIR', 'SUPER BEAVER']",烏野高校排球部、いざ全国の舞台へ⸺！！
機動戦士ガンダム 復讐のレクイエム（2024年製作のアニメ）,3.7,1728,サンライズ,"['シリア・マッシンガム', '大塚芳忠', '上恭ノ介', '浦和希', '森なな子', '石毛翔弥', '真木駿一']",['マヌエル・アウグスト・ディシンジャー・モウラ'],宇宙世紀 0079 年、ジオン公国は地球連邦政府からの独立を宣言し戦争状態に突入した。新兵器モビルスーツの活躍により序盤こそ優位を保ったジオン軍だったが、地球の全面制圧を行う戦力はなく戦況は膠着する。そして開戦から 11 ヶ月後、東欧のジオン軍占領下にある基地の一つが連邦軍に奪取される。その奪還に向かう混成大隊の中に、宇宙から降りてきたばかりのモビルスーツ小隊、ソラリたちレッド・ウルフ隊の姿もあ…
東京喰種トーキョーグール（2014年製作のアニメ）,4.1,20911,ぴえろ,"['花江夏樹', '雨宮天', '花澤香菜', '宮野真守', '菅生隆之', '諸星すみれ', '小西克幸']","['People In The Box', 'TK from 凛として時雨']",カネキが恋した女性は「喰種（グール）」と呼ばれる怪人だった。襲われたカネキは、彼女の臓器を移植され一命を取り留めるが、半喰種となってしまう。自殺者を食し人間との共存を模索する喰種仲間と出会うが、それを快く思わない喰種の活動が活発化する。
東京リベンジャーズ（2021年製作のアニメ）,3.9,29196,ライデンフィルム,"['新祐樹', '和氣あず未', '逢坂良太', '林勇', '鈴木達央', '水中雅章', '狩野翔']","['Official髭男dism', 'eill', '泣き虫']",一番熱くて、一番切ないタイムリープサスペンス
モブサイコ100（2016年製作のアニメ）,4.2,12241,ボンズ,"['伊藤節生', '櫻井孝宏', '大塚明夫', '入野自由', '松岡禎丞', '細谷佳正', '藤村歩']",['ALL OFF'],自己表現がヘタな超能力少年・影山茂夫、通称・モブ。普通の生き方にこだわり、超能力を封印しているモブだが、感情が昂り、その数値が100になったとき、彼の身に何かが起こる！インチキ霊能力者、悪霊、謎の組織……モブを取り巻く様々な人に囲まれて、彼はいったい何を思い、何を選ぶのか？
斉木楠雄のΨ難（2016年製作のアニメ）,4.2,13779,EGG FIRM,"['神谷浩史', '小野大輔', '島﨑信長', '日野聡', '花江夏樹', '茅野愛衣', '田村ゆかり']","['花江夏樹', 'でんぱ組.inc']",高校生・斉木楠雄は超能力者である。テレパシー、サイコキネシス、透視、予知、瞬間移動、千里眼など、何でもかんでも自由自在。誰もがうらやむ最強の能力は、実は本人にとっては災難を呼ぶ不幸の元凶。それ故、人前では超能力を封印。目立たず人と関わらずをモットーにひっそり暮らしていた。しかし何故だか彼の周りには、いつも不思議な人間（生き物）が集まって、次から次へと嵐のように災難が降りかかるのであった！
はたらく細胞（2018年製作のアニメ）,3.8,14888,デイヴィッドプロダクション,"['花澤香菜', '前野智昭', '小野大輔', '井上喜久子', '長縄まりあ', '櫻井孝宏', '早見沙織']","['花澤香菜', '吉田隆彦', '前野智昭', '小野大輔', '井上喜久子', 'ClariS']",これはあなたの物語。あなたの体内（からだ）の物語―。
はたらく細胞（2018年製作のアニメ）,3.8,14888,デイヴィッドプロダクション,"['津田健次郎', '杉山紀彰', '村瀬迪与', '釘宮理恵', '早見沙織', '折原くるみ']","['水曜日のカンパネラ', '離婚伝説']",これはあなたの物語。あなたの体内（からだ）の物語―。
サイバーパンク エッジランナーズ（2022年製作のアニメ）,4.3,14832,TRIGGER,"['KENN', '悠木碧', '東地宏樹', '鷄冠井美智子', '本田貴子', '高木渉', '黒沢ともよ']","['吉成曜', '金子雄人']","不正と人体改造が一般化した街で、才能に恵まれながらもむてっぽうに生きる貧しい少年は、アウトローの傭兵(ようへい)である""エッジランナー""として歩み始める。
Netflixシリーズ「サイバーパンク エッジランナーズ」2022年9月13日より全世界独占配信中"
ジョジョの奇妙な冒険（2012年製作のアニメ）,4.1,18312,デイヴィッドプロダクション,"['興津和幸', '子安武人', '塩屋翼', '上田燿司', '川澄綾子', '杉田智和', '佐藤拓也']",['富永TOMMY弘明'],スタンド覚醒。星の宿命が動き出す――。
メイドインアビス 烈日の黄金郷（2022年製作のアニメ）,4.3,10514,キネマシトラス,"['富田美憂', '伊瀬茉莉也', '井澤詩織', '久野美咲', '寺崎裕香', '平田広明', '斎賀みつき']","['黄瀬和哉', '黒田結花']",ボンドルドとの壮絶な戦いを終え、深界五層を突破したリコたち。向かうは深界六層、還らずの都。そこでリコたちが辿りついたのは、成れ果てたちが独自の価値観を持って生活している、成れ果ての村だった。さらにリコたちの前に謎の存在・ファプタが現れ…？
PSYCHO-PASS サイコパス ２（2014年製作のアニメ）,3.9,14558,タツノコプロ,"['佐倉綾音', '藤原啓治', '櫻井孝宏', '山路和弘', '木村良平', '沢城みゆき', '日髙のり子']","['凛として時雨', 'EGOIST']",システムが正義を下し、銃が人を裁く近未来。銃の射手として犯罪者を追う刑事たち。システムを逸脱する犯罪に直面したとき、果たして── 人間の心理状態や性格的傾向を計測し、数値化できるようになった近未来。人々はこの測定値を「PSYCHO-PASS （サイコパス）」の俗称で呼び、その数値を指標として「良き人生」をおくろうと躍起になっていた。 犯罪も数値によって対処される。厚生省公安局の刑事たちは、高い犯…
東京喰種トーキョーグール√A（2015年製作のアニメ）,4.0,12618,ぴえろ,"['花江夏樹', '雨宮天', '宮野真守', '菅生隆之', '諸星すみれ', '小西克幸', '豊永利行']","['österreich', 'amazarashi']",悲劇、2週目。
BLEACH（2004年製作のアニメ）,4.1,6417,ぴえろ,"['森田成一', '折笠富美子', '松岡由貴', '杉山紀彰', '安元洋貴', '伊藤健太郎', '置鮎龍太郎']","['ORANGE RANGE', 'UVERworld', 'HIGH and MIGHTY COLOR', 'YUI', 'SCANDAL', 'ASIAN KUNG-FU GENERATION', 'シド']",幽霊が見える以外は普通の高校生、黒崎一護が死神・朽木ルキアと出会い、死神の力を譲渡されたことで死神代行として空座町にいる虚（ホロウ）退治を請け負うことに……
NANA-ナナ-（2006年製作のアニメ）,4.3,5628,マッドハウス,"['朴璐美', 'KAORI', '木内秀信', '川原慶久', '関智一', '石田彰', '森川智之']","['土屋アンナ', 'OLIVIA']",恋人を追いかけ東京へ向かう小松奈々と、ミュージシャンとして成功を夢見て上京する大崎ナナは、偶然、新幹線で隣同士になった。同じ20歳でありながら、将来の夢も性格も対照的な2人だったが、ひょんなことから同居を始めることになり、友情を深めていく。
幽☆遊☆白書（1992年製作のアニメ）,4.2,4877,ぴえろ,"['佐々木望', '千葉繁', '緒方恵美', '檜山修之', '田中真弓', '深雪さなえ', '天野由梨']",['馬渡松子'],霊界探偵に任命された浦飯幽助が、次々に現れる妖怪たちと激突！90年代を代表するバトルアニメ！！
お嬢と番犬くん（2023年製作のアニメ）,3.2,1053,project No.9,"['鬼頭明里', '梅原裕一郎', '榎木淳弥', '中原麻衣', '青山吉能']","['大石昌良', '鬼頭明里']",あなたは…好きになっちゃダメな人。
夜桜さんちの大作戦 第1期（2024年製作のアニメ）,3.3,1056,SILVER LINK.,"['川島零士', '本渡楓', '小西克幸', '鬼頭明里', '興津和幸', '悠木碧', '松岡禎丞']","['いきものがかり', 'CHiCO', 'fripSide', '南條愛乃', 'ASOBI同盟']",この家族、普通じゃない！？
約束のネバーランド（2019年製作のアニメ）,4.0,33354,CloverWorks,"['諸星すみれ', '内田真礼', '伊瀬茉莉也', '甲斐田裕子', '藤田奈央']","['Cö shu Nie', 'UVERworld']","突然終わりを告げた、
グレイス＝フィールドハウスの幸せな日常。
ハウスは農園。
子どもたちは、鬼に飼われる食用人間。
大好きだったママは子どもたちの監視役。
「これ以上、家族が死ぬのは嫌だ・・・！」
そう願ったエマ達は、日常に潜んでいたあらゆる意図を解き明かしていく。
鬼vs子ども、命をかけた脱獄計画が始まる――"
スキップとローファー（2023年製作のアニメ）,4.2,15755,P.A.WORKS,"['黒沢ともよ', '江越彬紀', '寺崎裕香', '内田真礼', '潘めぐみ', '斎賀みつき', '田中光']","['須田景凪', '逢田梨香子']",いつのまにかハッピーなスクールライフ・コメディ！
ジョジョの奇妙な冒険 ダイヤモンドは砕けない（2016年製作のアニメ）,4.3,15887,デイヴィッドプロダクション,"['小野友樹', '梶裕貴', '高木渉', '櫻井孝宏', '森川智之', '能登麻美子', '原紗友里']","['THE DU', 'サヴェージ・ガーデン']",エジプトでの宿敵DIOとの死闘から11年後。1999年、空条承太郎は祖父ジョセフ・ジョースターの隠し子、東方仗助に会うため、日本のM県S市、杜王町にやってきた…
かぐや様は告らせたい～天才たちの恋愛頭脳戦～（2019年製作のアニメ）,4.1,15192,A-1 Pictures,"['青山穣', '古川慎', '小原好美', '鈴木崚汰', '花守ゆみり', '麻倉もも', '八代拓']","['古賀葵', '伊原六花', 'halca']",恋愛は告白した（好きになった）ほうが負けなのである。
ワールドトリガー（2014年製作のアニメ）,4.0,7734,東映アニメーション,"['村中知', '梶裕貴', '田村奈央', '中村悠一', '田中秀幸', '藤原啓治', '中尾衣里']","['AAA', 'Sonar Pocket']",三門市。ある日この町に異世界への門が開いた。「近界民(ネイバー)」後にそう呼ばれる異次元からの侵略者が門付近の地域を蹂躙、街は恐怖に包まれた。近界民に地球上の兵器は効果が薄く、都市の壊滅は時間の問題と思われた。しかし、その時突如現れた謎の一団が近界民を撃退した。「こちら側」の世界を守るため戦う組織、界境防衛機関「ボーダー」だ。彼らはわずかな期間で巨大な基地を作り上げ、近界民に対する防衛体制を整え…
DEATH NOTE（2006年製作のアニメ）,4.3,10993,マッドハウス,"['宮野真守', '山口勝平', '日髙のり子', '佐々木望', '平野綾', '松風雅也', '岡村麻純']","['ナイトメア', 'マキシマム ザ ホルモン']","コミックスの累計発行部数が3,000万部を超える大ヒット作品が原作のTVアニメ。｢そのノートに名前を書かれた人間は死ぬ｣という恐るべき力を持つ、死神が落とした「デスノート」。それを天才的な頭脳を持つ高校生・夜神月（ヤガミライト）が拾う。デスノートを使って犯罪者たちに死の制裁を下していく月は、いつしか「キラ」と呼ばれるようになる。果たして月＝キラは、世界を救う救世主となれるのか……。"
DEATH NOTE（2006年製作のアニメ）,4.3,10993,マッドハウス,"['能登麻美子', '浪川大輔', '沢城みゆき', '三瓶由布子', '中村悠一', '平野綾', '宮野真守']",['Chara'],"コミックスの累計発行部数が3,000万部を超える大ヒット作品が原作のTVアニメ。｢そのノートに名前を書かれた人間は死ぬ｣という恐るべき力を持つ、死神が落とした「デスノート」。それを天才的な頭脳を持つ高校生・夜神月（ヤガミライト）が拾う。デスノートを使って犯罪者たちに死の制裁を下していく月は、いつしか「キラ」と呼ばれるようになる。果たして月＝キラは、世界を救う救世主となれるのか……。"
2.5次元の誘惑（2024年製作のアニメ）,3.6,969,J.C.STAFF,"['榎木淳弥', '前田佳織里', '鬼頭明里', '山根綺', '貫井柚佳', '杉田智和', '市道真央（M・A・O）']","['めいちゃん', 'そらる', '前田佳織里', '鬼頭明里', '鈴代紗弓', '渡部紗弓']",わたしは放課後、生まれ変わる。
BLEACH 千年血戦篇-相剋譚-（2024年製作のアニメ）,4.4,641,PIERROT FILMS,"['森田成一', '折笠富美子', '伊藤健太郎', '大塚明夫', '小野坂昌也', '置鮎龍太郎', '稲田徹']","['SIX LOUNGE', '水槽']",三界の存亡を賭けた戦いに、流れるのは血か涙か――
ジョジョの奇妙な冒険 黄金の風（2018年製作のアニメ）,4.4,16035,デイヴィッドプロダクション,"['小野賢章', '中村悠一', '諏訪部順一', '鳥海浩輔', '山下大輝', '榎木淳弥', '千本木彩花']","['Coda', 'Jodeci']",「覚悟はいいか―。」
ソードアート・オンライン（2012年製作のアニメ）,4.0,15313,A-1 Pictures,"['松岡禎丞', '戸松遥', '伊藤かな恵', '日高里菜', '竹達彩奈', '沢城みゆき', '悠木碧']","['LiSA', '藍井エイル', '春奈るな']",フルダイブシステムを利用したオンラインゲーム《ソードアート・オンライン》がスタートする。しかし開発者によって「ゲームオーバー＝リアルでの死」の残酷なデスゲームに変えられてしまう。主人公キリトはゲームをクリアし世界を解放することができるのか。
僕の心のヤバイやつ 第1期（2023年製作のアニメ）,4.1,5281,シンエイ動画,"['堀江瞬', '羊宮妃那', '朝井彩加', '潘めぐみ', '種﨑敦美', '岡本信彦', '佐藤元']","['ヨルシカ', 'こはならむ']",僕はまだ 恋を知らない
ピンポン THE ANIMATION（2014年製作のアニメ）,4.5,7334,タツノコプロ,"['片山福十郎', '内山昂輝', '咲野俊介', '木村昴', '文曄星', '野沢雅子', '屋良有作']","['爆弾ジョニー', 'メレンゲ']",ピンチの時にはヒーローが必ず現れる―。片瀬高校卓球部の自由奔放で自信家のペコ（星野裕）。クールで笑わないスマイル（月本誠）。辻堂学院の留学生、チャイナ（孔文革）。常勝・海王学園の主将ドラゴン（風間竜一）。海王に通うペコとスマイルの幼馴染、アクマ（佐久間学）。各人の思いをよそに、インターハイ予選は近づく。274cmを飛び交う140km/hの白球。その行方が、頂点を目指す少年たちの青春を切り裂く。
暗殺教室（2015年製作のアニメ）,4.1,9230,Lerche,"['福山潤', '杉田智和', '伊藤静', '速水奨', '岡本信彦', '逢坂良太', '内藤玲']",['森田和明'],椚ヶ丘中学校の落ちこぼれクラス「エンドのE組」に、タコ型の謎の生物がやってきた。人知を超えた能力を持つその怪物は、来年3月までに自分を殺せなければ地球を爆破すると宣言。生徒たちは成功報酬と引き換えに、担任となった「殺せんせー」の暗殺に挑む。
僕の心のヤバイやつ 第2期（2024年製作のアニメ）,4.4,3080,シンエイ動画,"['堀江瞬', '羊宮妃那', '朝井彩加', '潘めぐみ', '種﨑敦美', '岡本信彦', '佐藤元']","['あたらよ', 'こはならむ']",君の好きになりたい
鴨乃橋ロンの禁断推理 1st Season（2023年製作のアニメ）,3.6,3486,diomedea,"['阿座上洋平', '榎木淳弥', '日笠陽子', '八代拓', '福山潤', '東山奈央', '松岡禎丞']","['UNISON SQUARE GARDEN', 'hockrockb']",難解な謎に挑むは、異端すぎる「名探偵」。
ハズレ枠の【状態異常スキル】で最強になった俺がすべてを蹂躙するまで（2024年製作のアニメ）,3.1,939,Seven Arcs,"['鈴木崚汰', '宮下早紀', '津久井彩文', '上田瞳', '和多田美咲', '小清水亜美', '汐入あすか']","['超学生', 'Hakubi']",復讐心を解き放て
GREAT PRETENDER（2020年製作のアニメ）,4.1,8786,WIT STUDIO,"['小林千晃', '諏訪部順一', '藤原夏海', '園崎未恵']",['貞本義行'],ターゲットは悪人のみ！騙して騙して騙しまくる！？ロサンゼルス、シンガポール、ロンドン、上海、そして東京・・・世界を股にかけた壮大なコン・ゲーム、ここに開幕
小市民シリーズ 第1期（2024年製作のアニメ）,3.5,2207,ラパントラック,"['梅田修一朗', '羊宮妃那', '古川慎']",['Eve'],たがいに助け合い、完全な小市民を目指そう。
SPY×FAMILY Season1 第2クール（2022年製作のアニメ）,4.1,21724,WIT STUDIO,"['江口拓也', '種﨑敦美', '早見沙織', '松田健一郎', '吉野裕行', '甲斐田裕子', '山路和弘']","['BUMP OF CHICKEN', 'yama']","人はみな　誰にも見せぬ自分を　持っている――
世界各国が水面下で熾烈な情報戦を繰り広げていた時代。
東国(オスタニア)と西国(ウェスタリス)は、十数年間にわたる冷戦状態にあった。
西国の情報局対東課〈WISE(ワイズ)〉所属である凄腕スパイの〈黄昏(たそがれ)〉は、東西平和を脅かす危険人物、東国の国家統一党総裁ドノバン・デズモンドの動向を探るため、ある極秘任務を課せられる。
その名も、オペレーシ…"
無職転生 ～異世界行ったら本気だす～ 第1クール（2021年製作のアニメ）,4.1,14926,スタジオバインド,"['内山夕実', '小原好美', '加隈亜衣', '茅野愛衣', '森川智之', '金元寿子', 'Lynn']",['大原ゆい子'],本気で生きたい
ゴールデンカムイ（2018年製作のアニメ）,4.1,17151,ジェノスタジオ,"['小林親弘', '白石晴香', '伊藤健太郎', '中田譲治', '菅生隆之']","['MAN WITH A MISSION', 'THE SIXTH LIE']",杉元とアシ（リ）パの新たな旅が始まる！！アイヌから奪われた金塊を巡る生存競争サバイバル、新章開幕ッッ！！！
ホリミヤ（2021年製作のアニメ）,4.0,15432,CloverWorks,"['戸松遥', '内山昂輝', '山下誠一郎', '小坂井祐莉絵', '岡本信彦']","['神山羊', 'フレンズ']","つながって、絡み合って、世界は日々、変わってく。
シリーズ累計570万部を突破した超人気漫画、「ホリミヤ」がついにアニメ化！！
堀 京子（ルビ：ほりきょうこ）は、美人で成績も良く学校ではクラスの中心的存在。だけど実は共働きの両親に代わり、寄り道もせず家事や年の離れた弟の面倒に勤しむ家庭的な高校生。
ある日、ケガをした弟 創太を見知らぬ男が堀の家に送り届けに来た。
「堀さん」
そう呼ばれ話してみる…"
地獄楽 第1期（2023年製作のアニメ）,3.9,12443,MAPPA,"['小林千晃', '高橋李依', '木村良平', '稲田徹', '花守ゆみり', '市川蒼', '小野賢章']","['millennium parade', '椎名林檎', 'Uru']",累計400万部超えの大人気のジャンプ＋作品がついにアニメ化！時は江戸時代末期。抜け忍として囚われ死罪人となった元・石隠れ最強の忍“画眉丸”は、極楽浄土と噂される島から「不老不死の仙薬」を持ち帰れば無罪放免となれることを告げられる。画眉丸は最愛の妻と再会するため、打ち首執行人“山田浅ェ門佐切”とともに仙薬があるという島へ向かうことに。島に上陸した画眉丸と佐切に立ち塞がったのは、同じく仙薬を求める死…
わたしの幸せな結婚（2023年製作のアニメ）,3.8,7552,キネマシトラス,"['上田麗奈', '石川界人', '佐倉綾音', '西山宏太朗', '桑島法子', '下野紘', '木村良平']","['りりあ。', '伊東歌詞太郎']",これは、少女があいされて幸せになるまでの物語。
四月は君の嘘（2014年製作のアニメ）,4.2,10694,A-1 Pictures,"['花江夏樹', '種田梨沙', '佐倉綾音', '逢坂良太', '早見沙織', '梶裕貴', '茅野愛衣']","['Goose house', 'wacci', 'コアラモード', 'seven oops']",「14歳の春--僕は、君と走りはじめる」 からっぽになった少年が一人の少女と出逢う。少女の、自由で情熱的な音楽の調べが、少年の止まっていた時間を突き動かす。 11歳の冬--早熟の天才ピアニスト・有馬公生は母親を失ったショックから演奏をするとピアノの音が聴こえなくなるというトラウマを背負ってしまう。以来、少年は次第にピアノから遠ざかっていく。 ピアノと母親を失った彼の日常はモノトーンのように色をな…
SLAM DUNK（1993年製作のアニメ）,4.4,9351,東映アニメーション,"['草尾毅', '平松晶子', '梁田清之', '緑川光', '置鮎龍太郎']","['BAAD', 'ZYYG', '大黒摩季', 'WANDS', 'MANISH', 'ZARD']","桜木花道は、中学校三年間で50人もの女子生徒にふられ続けた悲しい男。
50人目の女子生徒に「私、バスケット部の小田君が好きなの」と言われたショックが尾を引いて、湖北高校へ入学してからも“バスケット”という言葉に異常に反応し、立ち直れない状態だった。
そんなある日のこと、廊下で一人の美少女から声をかけられる。
「バスケットはお好きですか？」その女生徒・晴子がモロに自分の好みであったため、花道は何の…"
弱虫ペダル（2013年製作のアニメ）,4.1,7865,トムス・エンタテインメント,"['山下大輝', '鳥海浩輔', '福島潤', '安元洋貴', '森久保祥太郎', '伊藤健太郎', '岸尾だいすけ']","[""ROOKiEZ is PUNK'D"", 'MAGIC OF LiFE', 'アンダーグラフ']",今、約束の時――！
寄生獣 セイの格率（2014年製作のアニメ）,4.0,6995,マッドハウス,"['平野綾', '島﨑信長', '花澤香菜', '安野希世乃', '前田玲奈', '沢城みゆき', '吉野裕行']","['Fear, and Loathing in Las Vegas', '三浦大知']",高校生の泉新一は、ある日突然｢パラサイト｣の襲撃を受ける。間一髪で脳への寄生は免れるものの、パラサイトは新一の右腕に寄生。さらには同化してしまう。そして、自らを「ミギー」と名乗るパラサイトと人間の、奇妙な共生生活が始まるのだった。周囲に真実を話すことができず悩む新一。次第にミギーとの間に友情に近いものを感じるようになっていくが…？
BLEACH 千年血戦篇-訣別譚-（2023年製作のアニメ）,4.3,3307,スタジオぴえろ,"['森田成一', '折笠富美子', '伊藤健太郎', '大塚明夫', '小野坂昌也', '置鮎龍太郎', '稲田徹']","['w.o.d.', '神山羊']",最後の聖戦、迫る――。
時々ボソッとロシア語でデレる隣のアーリャさん（2024年製作のアニメ）,3.6,2703,動画工房,"['天﨑滉平', '上坂すみれ', '丸岡和佳奈', '藤井ゆきよ', '会沢紗弥', '河瀬茉希', '石川界人']",['上坂すみれ'],美少女JKがロシア語でデレてくる！？ ニヤニヤ必至の青春ラブコメディ！
魔王の俺が奴隷エルフを嫁にしたんだが、どう愛でればいい？（2024年製作のアニメ）,3.3,458,ブレインズ・ベース,"['小林裕介', '市ノ瀬加那', '菱川花菜', '谷山紀章', '美坂朱音', '稲田徹', '伊藤彩沙']","['The Brow Beat', '山本彩']",「もしかして、これが恋ってやつなのかっ！！！」　孤独な魔術師は一人の少女に恋をした
魔王の俺が奴隷エルフを嫁にしたんだが、どう愛でればいい？（2024年製作のアニメ）,3.3,458,ブレインズ・ベース,"['小林裕介', '高橋李依', '内山夕実', '水瀬いのり', '村川梨衣', '新井里美', '子安武人']","['前島麻由', 'nonoc']",「もしかして、これが恋ってやつなのかっ！！！」　孤独な魔術師は一人の少女に恋をした
ジョジョの奇妙な冒険 スターダストクルセイダース（2014年製作のアニメ）,4.3,16079,デイヴィッドプロダクション,"['小野大輔', '平川大輔', '小松史法', '三宅健太', '杉田智和', '福圓美里', '釘宮理恵']",['橋本仁'],スタンド覚醒。星の宿命が動き出す――。
マッシュル-MASHLE-（2023年製作のアニメ）,3.8,14688,A-1 Pictures,"['小林千晃', '川島零士', '石川界人', '江口拓也', '上田麗奈', '梶裕貴', '梅原裕一郎']","['岡崎体育', 'フィロソフィーのダンス']",ブッ壊すしかないでしょ グーパンで
五等分の花嫁（2019年製作のアニメ）,3.8,16103,手塚プロダクション,"['松岡禎丞', '花澤香菜', '竹達彩奈', '伊藤美来', '佐倉綾音', '水瀬いのり', '日野聡']","['花澤香菜', '竹達彩奈', '伊藤美来', '佐倉綾音', '水瀬いのり', '内田彩']",貧乏な生活を送る高校2年生・上杉風太郎のもとに、好条件の家庭教師アルバイトの話が舞い込む。ところがその教え子は何と最悪な出会いを果たした同じクラスの転入生で、しかも五つ子。全員美少女だけど、“落第寸前”“勉強嫌い”の問題児ばかりで…。
ゴールデンカムイ 第3期（2020年製作のアニメ）,4.3,10366,ジェノスタジオ,"['小林親弘', '白石晴香', '伊藤健太郎', '大塚芳忠', '中田譲治', '津田健次郎', '細谷佳正']","['FOMARE', 'THE SIXTH LIE']",杉元とアシ（リ）パの再会は叶うのか！？極寒の地で新たな局面を迎える生存競争サバイバル、樺太編が開幕ッッ！！！
シャングリラ・フロンティア（2023年製作のアニメ）,3.8,3343,C2C,"['内田雄馬', '和氣あず未', '日笠陽子', '小市眞琴', '日高里菜', '大塚明夫', '花守ゆみり']","['FZMZ', 'CHiCO', 'ReoNa']",「クソゲー以外をプレイするなんて、いつ以来だろうな」
亜人（2016年製作のアニメ）,3.8,5176,ポリゴン・ピクチュアズ,"['宮野真守', '細谷佳正', '大塚芳忠', '櫻井孝宏', '小松未可子', '平川大輔', '洲崎綾']","['flumpool', '宮野真守']",死ねば、わかる。
ゆびさきと恋々（2024年製作のアニメ）,4.0,3796,亜細亜堂,"['諸星すみれ', '宮崎遊', '大塚剛央', '逢坂良太', '本渡楓', '東山奈央', '畠中祐']","['Novelbright', 'チョーキューメイ']",この手で「好き」って伝えたい…。
ノーゲーム・ノーライフ（2014年製作のアニメ）,4.0,8615,マッドハウス,"['松岡禎丞', '茅野愛衣', '日笠陽子', '田村ゆかり', '井口裕香', '能登麻美子', '沢城みゆき']","['鈴木このみ', '茅野愛衣']","ニートでヒキコモリ……だがネット上では『 』(くうはく)の名で無敗を誇る天才ゲーマー兄妹・空(そら)と白(しろ)。ただの都市伝説と言われるほどの常識外れな腕前を持った空と白の前に、ある日""神""を名乗る少年・テトが現れる。テトはリアルをクソゲーと呼ぶ空と白の二人を異世界へと召喚してしまう。そこは一切の争いが禁じられ、全てがゲームで決まる世界だった！異世界に住まう十六の種族の中で最弱の人類種(イマニ…"
かつて魔法少女と悪は敵対していた。（2024年製作のアニメ）,3.8,748,ボンズ,"['小野友樹', '中原麻衣', '三木眞一郎', '伊瀬茉莉也', '緑川光', '鈴村健一', '川澄綾子']","['Lezel', '小野友樹', '中原麻衣']",“殺し愛（あ）わない”ロマンチックラブコメディ
王様ランキング（2021年製作のアニメ）,4.2,23189,WIT STUDIO,"['日向未南', '村瀬歩', '梶裕貴', '佐藤利奈', '江口拓也', '上田燿司', '安元洋貴']","['King Gnu', 'yama', 'Vaundy', 'milet']","国の豊かさ、抱えている強者どもの数、そして王様自身がいかに勇者のごとく強いか、それらを総合的にランキングしたもの、それが〝王様ランキング〟である。
主人公のボッジは、王様ランキング７位のボッス王が統治する王国の第一王子として生まれた。
ところがボッジは、生まれつき耳が聞こえず、まともに剣すら振れぬほど非力であり、家臣はもちろん民衆からも「とても王の器ではない」と蔑まれていた。
そんなボッジにでき…"
機動戦士ガンダム 水星の魔女（2022年製作のアニメ）,4.0,10227,サンライズ,"['市ノ瀬加那', 'Lynn', '阿座上洋平', '花江夏樹', '古川慎', '宮本侑芽', '富田美憂']","['YOASOBI', 'シユイ']","A.S.（アド・ステラ）122――
数多の企業が宇宙へ進出し、巨大な経済圏を構築する時代。
モビルスーツ産業最大手「ベネリットグループ」が運営する「アスティカシア高等専門学園」に、辺境の地・水星から一人の少女が編入してきた。
名は、スレッタ・マーキュリー。
無垢なる胸に鮮紅の光を灯し、少女は一歩ずつ、新たな世界を歩んでいく。"
コードギアス 反逆のルルーシュ（2006年製作のアニメ）,4.4,15594,サンライズ,"['福山潤', '櫻井孝宏', 'ゆかな', '小清水亜美', '名塚佳織', '折笠富美子', '大原さやか']","['FLOW', 'SunSet Swish', 'ALI PROJECT']",ブリタニア帝国に占領された日本。人を操る能力・ギアスを手にいれたルルーシュが世界を壊そうとする一方、ナイトメアフレームを操り、世界に理想と真実を求めるスザク。2人の対照的な生き方は、やがて帝国を揺るがすうねりとなっていく。
ジョジョの奇妙な冒険 ストーンオーシャン（2021年製作のアニメ）,4.2,10605,デイヴィッドプロダクション,"['ファイルーズあい', '田村睦心', '伊瀬茉莉也', '浪川大輔', '小野大輔']",['ichigo'],恋人とのドライブ中、交通事故に遭遇した空条徐倫は、罠に嵌められて15年の刑期を宣告される
映像研には手を出すな！（2020年製作のアニメ）,4.3,10601,サイエンスSARU,"['伊藤沙莉', '田村睦心', '松岡美里', '花守ゆみり', '小松未可子', '井上和彦']","['chelmico', '神様、僕は気づいてしまった']",高校１年生の浅草みどりは、アニメーションは「設定が命」と力説するほどのアニメ好き。スケッチブックに様々なアイディアを描き貯めながらも、1人では行動できないとアニメ制作への一歩を踏み出せずにいた。そんな浅草の才能に、プロデューサー気質の金森さやかはいち早く気づいていた。さらに、同級生でカリスマ読者モデルの水崎ツバメが、実はアニメーター志望であることが判明し、3人は脳内にある「最強の世界」を表現すべ…
ゆるキャン△（2018年製作のアニメ）,4.1,13274,C-Station,"['花守ゆみり', '東山奈央', '原紗友里', '豊崎愛生', '高橋李依', '井上麻里奈']","['亜咲花', '佐々木恵梨']",これは、ある冬の日の物語。静岡から山梨に引っ越してきた女子高校生・なでしこは、“千円札の絵にもなっている富士山”を見るために自転車を走らせて本栖湖まで行ったものの、あいにく天気はくもり空。富士山も望めず、疲れ果てたなでしこはその場で眠りこけてしまう。目覚めてみるとすっかり夜。初めての場所で、帰り道もわからない。心細さに怯えるなでしこを救ったのは、1人キャンプ好きの女の子・リンだった。冷えた身体を…
ジョジョの奇妙な冒険 ストーンオーシャン 第2クール（2022年製作のアニメ）,4.3,8591,デイヴィッドプロダクション,"['ファイルーズあい', '田村睦心', '伊瀬茉莉也', '種﨑敦美', '梅原裕一郎', '浪川大輔', '小野大輔']",['筱雅律'],"西暦2011年、アメリカ・フロリダ州
空条徐倫は、罠に嵌められ、無実の罪で州立グリーン・ドルフィン・ストリート重警備刑務所――別名「水族館」に収容される。徐倫を救い出そうと面会に訪れた父・空条承太郎だったが、それこそがすべての策略の首謀者・謎のスタンド「ホワイトスネイク」の目的だった。かつて承太郎によって倒されたDIOが求めた『天国へ行く方法』。その記憶をホワイトスネイクは求めていたのだ。
ホワ…"
山田くんとLv999の恋をする（2023年製作のアニメ）,4.0,11411,マッドハウス,"['水瀬いのり', '内山昂輝', '花江夏樹', '加隈亜衣', '大西沙織']","['KANA-BOON', '北澤ゆうほ', '清竜人']",気のせいかな。この距離の名前、知ってるよ
攻殻機動隊 STAND ALONE COMPLEX（2002年製作のアニメ）,4.4,7514,PRODUCTION I.G,"['田中敦子', '阪脩', '大塚明夫', '山寺宏一', '仲野裕', '大川透', '小野塚貴志']","['Origa', 'スコット・マシュー']",西暦2030年、日本。情報ネットワーク化が進む中、犯罪を一掃する攻性組織が設立された。内務省直属独立部隊、公安9課。通称「攻殻機動隊」だ。彼らの任務は、電脳犯罪への対処、要人警護、政治家の汚職摘発など多岐に渡る。“少佐”と呼ばれるサイボーグ・草薙素子を中心に、9課はネットに潜む犯罪に立ち向かう！
銀魂（2006年製作のアニメ）,4.3,11873,サンライズ,"['杉田智和', '阪口大助', '釘宮理恵', '高橋美佳子', '千葉進歩']","['川瀬智子', 'キャプテンストライダム', 'YO-KING', 'Hearts Grow', 'DOES', 'モノブライト', 'Base Ball Bear', 'Prague', '高橋瞳', 'シギ', 'BEAT CRUSADERS']",天人（宇宙人）が来襲して、価値観が変わってしまった町、江戸。宇宙人や高層ビル、バイクなど何でもありの世界で変わらない“魂”を持った最後のサムライがいた。男の名は坂田銀時。いい加減で無鉄砲、でもキメるところはさりげなくキメたりして…。笑えて、泣けて、心温まる、銀さんと仲間たちの生き様、得とご覧あれ！
カウボーイビバップ（1998年製作のアニメ）,4.4,5807,サンライズ,"['山寺宏一', '石塚運昇', '林原めぐみ', '多田葵']","['THE SEATBELTS', '山根麻衣']",ワープゲートで各惑星が結ばれた2071年の太陽系。賞金稼ぎのスパイクとジェット、謎の女フェイ、天才ハッカー少女のエド、人間並みの知能を持つデータ犬アインの4人と1匹が、運命のいたずらから奇妙な共同生活を送ることになる。先の見えない賞金稼ぎを続けながら、彼らはなにを追い求めるのか？(C)サンライズ
天元突破グレンラガン（2007年製作のアニメ）,4.4,5476,GAINAX,"['柿原徹也', '小西克幸', '井上麻里奈', '小野坂昌也', '檜山修之', '伊藤静', '中村大樹']","['中川翔子', 'HIGH VOLTAGE']",遥かな未来。人々は穴を掘って家を作り、地震と落盤に脅えながら何百年も暮らしていた。ある日、穴掘りをしていた少年・シモンは不思議に光る小さなドリルを見つける。一方、シモンの兄貴分・カミナは村の上に「地上」があると信じていたが…。
東京喰種トーキョーグール:re（2018年製作のアニメ）,3.8,9935,ぴえろ,"['花江夏樹', '石川界人', '藤原夏海', '佐倉綾音', '雨宮天', '宮野真守', '岸尾だいすけ']","['Cö shu Nie', '女王蜂']",“金木 研”をめぐる物語はついに最終章へ―――。
ツルネ ―風舞高校弓道部―（2018年製作のアニメ）,4.0,5684,京都アニメーション,"['上村祐翔', '市川蒼', '鈴木崚汰', '矢野奨吾', '石川界人', '浅沼晋太郎', '小野賢章']","['ラックライフ', 'ChouCho']",「その一射が、全ての《出会い》の始まりとなる――。」 第7回京都アニメーション大賞小説部門審査員特別賞受賞作がついにアニメ化！
転生したらスライムだった件 第3期（2024年製作のアニメ）,3.9,2991,エイトビット,"['岡咲美保', '豊口めぐみ', '前野智昭', '古川慎', '千本木彩花', '市道真央（M・A・O）', '江口拓也']","['STEREO DIVE FOUNDATION', '来栖りん', 'ももいろクローバーZ', 'MindaRyn']",聖魔激突――。
杖と剣のウィストリア 第1期（2024年製作のアニメ）,3.7,1250,アクタス,"['天﨑滉平', '関根明良', '天野聡美', '柿原徹也', 'Lynn', '河西健吾']","['PENGUIN RESEARCH', '唐沢美帆（TRUE）']",一人前の魔導士をめざして魔法学院に入学した少年ウィル。努力家の彼には魔導師として致命的な弱点があった。それは、“魔法がまったく使えない”こと。同級生や教師から冷たい視線を浴び、時にはくじけそうになりながらも、強い気持ちで邁進していくウィル。杖は使えなくとも剣を執り、魔法至上主義の世界で戦い抜く。自分だけに与えられた力を信じて。そして、大切な人との約束を守るためにーー
亜人 第2クール（2016年製作のアニメ）,3.8,2820,ポリゴン・ピクチュアズ,"['宮野真守', '細谷佳正', '福山潤', '大塚芳忠', '平川大輔', '櫻井孝宏', '小松未可子']","['angela', 'fripSide', 'クリープハイプ']",高校生・永井圭。下校時、交通事故に遭い、亜人であることが発覚。以降、警察、及び、亜人管理委員会から追われる身となる。圭が逃走中に接触を図ったのが、帽子の男こと亜人・佐藤だった。佐藤は圭を教育するため、彼を亜人管理委員会に引き渡す。が、試みは失敗。佐藤は圭と袂を分かち、独自に集めた亜人協力者と共に、グラント製薬爆破という大規模テロを引き起こす。そして、現在。圭を巻きこみ、亜人テロリスト・佐藤と亜人…
ソードアート・オンライン オルタナティブ ガンゲイル・オンラインII（2024年製作のアニメ）,3.6,272,Studio 3Hz,"['楠木ともり', '日笠陽子', '興津和幸', '赤﨑千夏']","['ReoNa', '楠木ともり']",最強の武器は《負けず嫌い》！時雨沢恵一×黒星紅白が描くもう一つの「ソードアート・オンライン」再充填（リロード）！
トリリオンゲーム（2024年製作のアニメ）,3.6,240,マッドハウス,"['大塚剛央', '石毛翔弥', '市道真央（M・A・O）', '東地宏樹', '田中有紀', '土師孝也', '水中雅章']","['＆TEAM', 'Klang Ruler']",1兆ドル稼いでこの世の全てを手に入れろ！
シャングリラ・フロンティア 2nd season（2024年製作のアニメ）,3.9,382,C2C,"['内田雄馬', '和氣あず未', '日笠陽子', '小市眞琴', '日高里菜', '大塚明夫', '花守ゆみり']","['LiSA', '⾳⽻-otoha-']",「クソゲー以外をプレイするなんて、いつ以来だろうな」
ゴールデンカムイ 第2期（2018年製作のアニメ）,4.2,11964,ジェノスタジオ,"['小林親弘', '白石晴香', '伊藤健太郎', '中田譲治', '菅生隆之', '乃村健次', '大塚芳忠']","['MY FIRST STORY', 'さユり', 'eastern youth']",北の大地・北海道に渦巻く野心！！ アイヌから奪われた金塊を巡る生存競争サバイバル、新章突入ッッ！！！
約束のネバーランド 第2期（2021年製作のアニメ）,3.2,15237,CloverWorks,"['諸星すみれ', '内田真礼', '伊瀬茉莉也', '甲斐田裕子', '藤田奈央', '植木慎英', 'Lynn']","['秋山黄色', 'Myuk']",生き抜く。約束を果たすまで
PSYCHO-PASS サイコパス ３（2019年製作のアニメ）,3.7,9638,PRODUCTION I.G,"['中村悠一', '梶裕貴', '大塚明夫', '諏訪部順一', '名塚佳織', '日笠陽子', '清水理沙']","['Who-ya Extended', 'Cö shu Nie']",「正義」は、新たな世界を切り開く
賭ケグルイ（2017年製作のアニメ）,3.9,10767,MAPPA,"['早見沙織', '田中美海', '徳武竜也', '沢城みゆき', '杉田智和']","['Tia', 'D-selections']",ギャンブルの絶対的な掟。それは、勝負の果てに勝者と敗者が存在すること。勝者は富と栄誉を手にし、敗者は落伍者の烙印を押され、大いなる喪失を味わう。勝負が決するまでの静寂の中、本能は掻き立てられ、欲望は恍惚の境地に到達する。資本主義の社会において、それはまさに人生の残酷なる縮図。人はなぜ、リスクを負う世界に心を奪われるのか？その狂気の先に目にするものとは。現代社会に存在する階級制度を崩壊させる！かつ…
夏目友人帳（2008年製作のアニメ）,4.2,9256,ブレインズ・ベース,"['神谷浩史', '井上和彦', '小林沙苗', '石田彰', '堀江一眞', '木村良平', '菅沼久義']",['NAS'],妖(あやかし)を目に映すことができたため人間に疎まれた夏目レイコは、その寂しさからか、妖たちに勝負を挑み、隷属させる証として名前を書かせたという。その契約書の束｢友人帳｣を手にした孫の夏目貴志もまた、レイコの力を受け継ぎ、人にあらざるものを見ることができた。そして、レイコと同じように、周囲から疎まれる存在でもあった。しかし、唯一の血縁であるレイコの遺したものを大事に想い、レイコが奪った名を妖たち…
BLEACH 千年血戦篇（2022年製作のアニメ）,4.3,4914,スタジオぴえろ,"['森田成一', '折笠富美子', '杉山紀彰', '松岡由貴', '安元洋貴', '伊藤健太郎', '三木眞一郎']","['キタニタツヤ', 'SennaRin']",死神の力を無くした一護は、霊力を持たない普通の高校生として毎日を送っていた。平和な日常だったはずが、ある日突然破られる。
モブサイコ100 II（2019年製作のアニメ）,4.3,8833,ボンズ,"['伊藤節生', '櫻井孝宏', '大塚明夫', '入野自由', '松岡禎丞', '石田彰', '佐武宇綺']",['sajou no hana'],一見目立たない容姿をした男子中学生・影山茂夫。“モブ”と呼ばれるその少年は実はとんでもない霊能力の持ち主だった。師匠である霊幻新隆とともに日常の心霊現象を解決するモブだったが、彼を取り巻く環境も少しずつ変化が現れ始めていた…。
ヴィンランド・サガ シーズン1（2019年製作のアニメ）,4.2,3672,WIT STUDIO,"['石上静香', '上村祐翔', '松田健一郎', '内田直哉', '小野賢章', '大塚明夫', '安元洋貴']","['Survive Said The Prophet', 'Aimer', 'MAN WITH A MISSION', 'milet']",これは“本当の戦士の物語（サガ）” プロローグのその先にある“償いと救済の物語（サガ）”。
響け！ユーフォニアム３（2024年製作のアニメ）,4.5,3788,京都アニメーション,"['黒沢ともよ', '朝井彩加', '豊田萌絵', '安済知佳', '戸松遥', '石谷春貴', '大橋彩香']","['唐沢美帆（TRUE）', '黒沢ともよ', '朝井彩加', '豊田萌絵', '安済知佳']",すれ違う青春、交わる音楽
モノノ怪（2007年製作のアニメ）,4.2,5045,東映アニメーション,"['櫻井孝宏', '田中理恵', '藤田淑子', '塩屋浩三', 'ゆかな', '中尾隆聖', '桑島法子']",['JUJU'],「真（まこと）」「理（ことわり）」「形（かたち）」を見極め、モノノ怪を斬ることのできる退魔の剣を持つ、謎の男「薬売り」。真とは事の有様、理とは心の有様。そして、ものの形を為すのは、人の因果と縁（えにし）。剣に導かれてか、己の意思か、薬売りの行く手には必ずモノノ怪が剣が抜き放たれ、あまたの妖異と対峙するとき、浮かぶこの世のあはれとは・・・？人の心とアヤカシが生み出す凄絶なる惨劇を、薬売りの男と退魔…
黒子のバスケ 第1期（2012年製作のアニメ）,3.9,10166,PRODUCTION I.G,"['小野賢章', '小野友樹', '斎藤千和', '細谷佳正', '浜田賢二']","['GRANRODEO', '前山田健一', 'OLDCODEX']",誠凛高校のバスケ部に超影の薄い新入生、黒子テツヤが入部した。運動能力は平均以下だが、その影の薄さゆえに、相手に気づかれないようにパスを回すことができる…。さらに、誠凛バスケ部は火神大我という超大型新人を獲得する。「影」の黒子と、「光」の火神。ふたりは互いの力に支えられながら、ライバルたちに挑む！
オーバーロード（2015年製作のアニメ）,3.8,5975,マッドハウス,"['日野聡', '原由実', '上坂すみれ', '加藤英美里', '内山夕実', '加藤将之', '三宅健太']","['OxT', 'MYTH & ROID']",時は2138年。一大ブームを巻き起こした仮想現実体感型オンラインゲーム《ユグドラシル》はサービス終了を迎えようとしていた。プレイヤーであるモモンガも仲間と栄華を誇ったギルドで一人静かにその時を待っていた。しかし、終了時間を過ぎてもログアウトしないゲーム。突如として意思を持ち始めたNPCたち。ギルドの外には見たこともない異世界が広がっていた。現実世界ではゲーム好きの孤独で冴えない青年が、骸骨の姿を…
かぐや様は告らせたい-ウルトラロマンティック-（2022年製作のアニメ）,4.3,7214,A-1 Pictures,"['古賀葵', '古川慎', '小原好美', '鈴木崚汰', '富田美憂', '花守ゆみり', '麻倉もも']","['鈴木雅之', '吉田菫', '鈴木愛理']",あと一歩
かぐや様は告らせたい-ウルトラロマンティック-（2022年製作のアニメ）,4.3,7214,A-1 Pictures,"['伊藤節生', '櫻井孝宏', '大塚明夫', '入野自由', '松岡禎丞', '星野貴紀', '種﨑敦美']",['亀田祥倫'],あと一歩
青の祓魔師（2011年製作のアニメ）,3.8,6958,A-1 Pictures,"['岡本信彦', '福山潤', '花澤香菜', '中井和哉', '遊佐浩二', '梶裕貴', '喜多村英梨']","['UVERworld', '2PM', ""ROOKiEZ is PUNK'D"", '黒木メイサ']",人間の住む「物質界(アッシャー)」と、悪魔の住む「虚無界(ゲヘナ)」。本来は干渉することすらできない二つの次元だが、悪魔はあらゆる物質に憑依し、物質界に干渉していた。しかし人間の中には、そんな悪魔を祓う─祓魔師(エクソシスト)が存在した。
るろうに剣心 -明治剣客浪漫譚- 序幕東京（2023年製作のアニメ）,3.6,2114,ライデンフィルム,"['斉藤壮馬', '高橋李依', '小市眞琴', '八代拓', '大西沙織']","['Ayase', 'R-指定', 'Reol', '菅田将暉']",誓いを剣に、願いを心に
ゆるキャン△ SEASON3（2024年製作のアニメ）,4.0,2804,エイトビット,"['花守ゆみり', '東山奈央', '原紗友里', '豊崎愛生', '高橋李依', '黒沢ともよ', '伊藤静']","['キミのね', '亜咲花']",たのしい、更新中。
桜蘭高校ホスト部（2006年製作のアニメ）,4.3,6423,ボンズ,"['坂本真綾', '宮野真守', '松風雅也', '鈴村健一', '織田圭祐', '齋藤彩夏', '桐井大介']",['高橋久美子'],超お金持ちのご令息・ご令嬢が通う名門校・桜蘭学院高校に、奨学特待生として入学した庶民の藤岡ハルヒ。母を亡くし男手ひとつで育てられたハルヒは、おしゃれに興味がなく、何事にも無頓着で男の子のような格好で学校に通っていた。 ある日、ハルヒは、ホスト部の部室に迷い込み、部室内の800万円の花瓶を割ってしまう。部員からその代金を請求されるが、庶民のハルヒは払えるわけがない・・。ところが、ホスト部部長・環は…
ワールドトリガー 3rdシーズン（2021年製作のアニメ）,4.3,4866,東映アニメーション,"['村中知', '梶裕貴', '田村奈央', '杉田智和', '野島裕史', '中村悠一', '島﨑信長']","['神はサイコロを振らない', 'FantasticYouth']",新たな脅威に立ち向かう界境防衛機関“ボーダー”の精鋭たち！
ダンジョンの中のひと（2024年製作のアニメ）,3.4,1139,OLM,"['千本木彩花', '鈴代紗弓', '楠見尚己', '飛田展男', '大塚芳忠', '市道真央（M・A・O）', '加藤渉']","['TrySail', 'ナナヲアカリ']",冒険の舞台裏で、働いてます。
Dr.STONE（2019年製作のアニメ）,4.1,19974,トムス・エンタテインメント,"['小林裕介', '古川慎', '市ノ瀬加那', '中村悠一', '沼倉愛美', '佐藤元', '前野智昭']","['BURNOUT SYNDROMES', 'Rude-α', 'PELICAN FANCLUB', '佐伯ユウスケ']",全人類が、謎の現象により一瞬で石化して数千年--。超人的な頭脳を持つ、根っからの科学少年・千空が目覚めた。文明が滅んだ石の世界(ストーンワールド)を前に、千空は、科学の力で世界を取り戻すことを決意。時を同じくしてよみがえった、体力自慢の幼馴染・大木大樹はじめ、仲間たちと、ゼロから文明を作り出していく--石器時代から現代文明まで、科学史200万年を駆け上がる！前代未聞のクラフト冒険譚(アドベンチャ…
ブルーピリオド（2021年製作のアニメ）,4.0,10419,セブン・アークス,"['峯田大夢', '花守ゆみり', '山下大輝', '河西健吾', '宮本侑芽']","['Omoinotake', 'mol-74']","成績優秀で世渡り上手な高校 2 年生・矢口八虎は、悪友たちと遊びながら、毎日を過ごしていた。
誰もが思う“リア充”……
そんな八虎は、いつも、どこかで虚しかった。
ある日、美術室で出会った１枚の絵に、八虎は心を奪われる。
「絵は、文字じゃない言語だから」
絵を通じてはじめて正直な気持ちを表現できた八虎は、美術のおもしろさに目覚め、衝動のままにスケッチブックへ向かっていく。
そして八虎は、ついに進…"
無職転生 ～異世界行ったら本気だす～ 第2クール（2021年製作のアニメ）,4.2,9367,スタジオバインド,"['内山夕実', '杉田智和', '加隈亜衣', '浪川大輔', '田中理恵', '大塚芳忠']",['大原ゆい子'],"「俺は、この異世界で本気だす！」
34歳・童貞・無職の引きこもりニート男。両親の葬儀の日に家を追い出された瞬間、トラックに轢かれ命を落としてしまう。目覚めると、なんと剣と魔法の異世界で赤ん坊に生まれ変わっていた！ゴミクズのように生きてきた男は、少年・ルーデウスとして異世界で本気をだして生きていく事を誓う。フィットア領転移事件で魔大陸に転移後、冒険者パーティ「デッドエンド」を結成し、魔大陸最南端の…"
ドロヘドロ（2020年製作のアニメ）,4.2,8653,MAPPA,"['高木渉', '近藤玲奈', '堀内賢雄', '細谷佳正', '小林ゆう', '高梨謙吾', '富田美憂']",['(K)NoW_NAME'],おいでませ、混沌。魔法によって顔をトカゲにされてしまった記憶喪失の男、カイマン。本当の顔と記憶を取り戻すため、相棒のニカイドウと一緒に自分に魔法をかけた魔法使いを探し続ける。いったい自分は何者なのか……。2000年の連載開始から18年にわたって愛され続けた林田球の「ドロヘドロ」（全23巻）。唯一無二の世界観によって国内外で熱狂的なファンを獲得し人気を誇っている。そのあまりにショッキングでカオスな…
ゴールデンカムイ 第4期（2022年製作のアニメ）,4.3,5826,ブレインズ・ベース,"['小林親弘', '白石晴香', '伊藤健太郎', '大塚芳忠', '中田譲治', '津田健次郎', '細谷佳正']","['ALI', 'THE SPELLBOUND']",樺太でついに再会した杉元とアシ(リ)パ。キロランケの死、尾形の逃亡など、衝撃的な出来事を乗り越え、相棒の契約を更新した2人は、ついにロシア領を後にした。杉元たち、第七師団、新選組・土方の一味、三つ巴の金塊争奪戦はさらなる激化を見せる。
Re:ゼロから始める異世界生活 2nd season 前半クール（2020年製作のアニメ）,4.0,11262,WHITE FOX,"['小林裕介', '高橋李依', '内山夕実', '水瀬いのり', '村川梨衣', '新井里美', '子安武人']","['鈴木このみ', 'nonoc']",限界を、ぶち破れ―
ソードアート・オンラインII（2014年製作のアニメ）,4.0,10057,A-1 Pictures,"['松岡禎丞', '戸松遥', '伊藤かな恵', '竹達彩奈', '沢城みゆき', '悠木碧', '茅野愛衣']","['藍井エイル', 'LiSA', '春奈るな']",漆黒の銃を持つ謎のアバターに撃たれたプレイヤーは、実際に現実世界でも《死》に至る――
NARUTO -ナルト-（2002年製作のアニメ）,4.4,8372,ぴえろ,"['竹内順子', '杉山紀彰', '中村千絵', '井上和彦', '藤原啓治', 'うえちあき', '半場友恵']","['ASIAN KUNG-FU GENERATION', 'サンボマスター', 'ORANGE RANGE', 'FLOW']",木ノ葉隠れの里の落ちこぼれ忍者、うずまきナルトは里一番の忍者「火影」を目指して日々奮闘中！個性豊かな忍たち、過酷な戦いを通じて芽生える友情、そして己の忍道を貫くために避けられない別れ…。自分と仲間を信じ、数々の試練に立ち向かう！
マッシュル-MASHLE- 神覚者候補選抜試験編（2024年製作のアニメ）,3.9,8036,A-1 Pictures,"['小林千晃', '川島零士', '石川界人', '江口拓也', '上田麗奈', '諏訪部順一', '小野友樹']","['Creepy Nuts', '私立恵比寿中学']",無敵なんで自分 かかってこいよ
ワールドトリガー 2ndシーズン（2021年製作のアニメ）,4.2,5551,東映アニメーション,"['村中知', '梶裕貴', '田村奈央', '中村悠一', '田中秀幸', '藤原啓治', '中尾衣里']","['神はサイコロを振らない', 'TOMORROW X TOGETHER']",新たな脅威に立ち向かう界境防衛機関“ボーダー”の精鋭たち！
食戟のソーマ（2015年製作のアニメ）,3.9,5273,J.C.STAFF,"['松岡禎丞', '種田梨沙', '髙橋ミナミ', '石上静香', '花江夏樹', '小野友樹', '赤﨑千夏']","['ウルトラタワー', 'ミソッカス', '東京カランコロン', '大森靖子']",下町の定食屋「ゆきひら」では、今日も父・城一郎と息子・創真が料理対決を繰り広げていた。中学を卒業したら実家「ゆきひら」で料理の修行をし、父を越える料理人を目指そうとしていた創真。だが突然の休業、そして父の提案により、日本屈指の料理学校「遠月茶寮料理學園」（遠月学園）の編入試験を受けることに。そこは最高峰の料理人だけを育てる、卒業到達率10%以下の超絶エリート校だった…。
ドラゴンボール（1986年製作のアニメ）,4.3,3800,東映アニメーション,"['野沢雅子', '鶴ひろみ', '古谷徹', '龍田直樹', '渡辺菜生子']","['高橋洋樹', '橋本潮']",ドラゴンボールを求めて始まる、摩訶不思議アドベンチャー！
暗殺教室 第2期（2016年製作のアニメ）,4.2,6869,Lerche,"['福山潤', '杉田智和', '伊藤静', '岡本信彦', '逢坂良太', '内藤玲', '田中美海']","['渕上舞', '洲崎綾', '岡本信彦', '逢坂良太', '浅沼晋太郎']",僕らの授業が、また始まる。
義妹生活（2024年製作のアニメ）,3.5,1018,スタジオディーン,"['天﨑滉平', '中島由貴', '鈴木みのり', '鈴木愛唯', '濱野大輝', '小林親弘', '上田麗奈']","['fhána', 'Kitri']",“他人”が“家族”へ、そしてその先へ。少しずつ変わりゆく日々を映す、恋愛生活物語。
異世界のんびり農家（2023年製作のアニメ）,3.4,1734,ZERO-G,"['阿部敦', '下地紫野', '洲崎綾', 'Lynn', '藤井ゆきよ', '富田美憂', 'Machico']","['下地紫野', '洲崎綾', '緋月ゆい']",異世界で掘って伐って耕して！ 自由気ままな農家生活！
るろうに剣心 -明治剣客浪漫譚- 京都動乱（2024年製作のアニメ）,3.8,261,ライデンフィルム,"['斉藤壮馬', '高橋李依', '小市眞琴', '八代拓', '大西沙織', '内田雄馬', '日野聡']","['キタニタツヤ', 'なとり', 'NOMELON NOLEMON']",修羅を断ち切れ
精霊幻想記2（2024年製作のアニメ）,3.2,119,トムス・エンタテインメント,"['松岡禎丞', '藤田茜', '桑原由気', '楠木ともり', '原田彩楓', '高野麻里佳', '大西亜玖璃']","['大西亜玖璃', '諏訪ななか']",前世と現世が交錯する――異世界転生ファンタジー新章開幕！！
先輩はおとこのこ（2024年製作のアニメ）,3.7,1403,project No.9,"['梅田修一朗', '関根明良', '内田雄馬', '中原麻衣', '前田佳織里', 'さとうあい', '葵あずさ']","['くじら', 'にしな']",“普通”じゃなくても、好きでいたい
